HariHaran,sekar,hari@ofs,1996-06-19,kk nagar,chennai,600028
Naveen,raj,naveen@ofs,1996-07-09,Tnagar,chennai,600075
almas,mahamed,almas@ofs,1996-07-09,nagar,chennai,600070
prasanna,mahesh,lpk@ofs,1996-07-09,nagar,chennai,600070
mani,bharathi,mani@ofs,1997-01-12,Tnagar,chennai,600075
aravind,Krishna,ak@ofs,1997-01-01,taramani,chennai,600010
karthi,kk,kk@ofs,1996-06-23,taramani,chennai,600010
karthi,uk,uk@ofs,1996-06-23,perambur,chennai,600070
Tamil,arasan,tamil@ofs,1996-06-19,food street,chennai,600075
vignesh,manoharan,vignesh@ofs,1996-06-19,nungambakkam,salem,600022