"movie name","actor","director","music","production","year"
"mounam pesiyadhe","surya","ameer","yuvan","aprajith films","2002"
"enthiran","rajni","shankar","a.r.rahman","sun pictures","2010"
"ayan","surya","k.v anand","harris jayaraj","avm productions","2009"
"singam 1","surya","hari","dsp","studio green","2010"
"singam 2","surya","hari","dsp","studio green","2013"
"singam 3","surya","hari","harris jayaraj","studio green","2017"
"i","vikram","shankar","a.r.rahman","aascar films","2015"
"paruthiveeran","karthi","ameer","yuvan","studio green","2007"
"anniyan","vikram","shankar","harris jayaraj","aascar films","2005"
"nayagan","kamal","mani ratnam","ilayaraja","muktha films","1987"
"ravanan","vikram","mani ratnam","a.r.rahman","madras talkies","2010"
"pudhupettai","dhanush","selvaraghavan","yuvan","lakshmi movie makers","2006"
