Ranking,Players,Age,Country,Club,Position,Matches,Goals
1,Cristiano ronaldo,33,Portugal,Juventus,Forward,300,400
2,Lionel messi,31,Argentina,Barcelona,Forward,280,380
3,Sergio ramos,32,Spain,Real Madrid,Defender",280,200
4,Marcelo,34,Brasil,Real Madrid,Defender,290,200
5,Paul Pogba,26,France,Manchester United,Mid Fielder,200,200
6,Fellaini,26,Belgium,Manchester United,Mid Fielder,200,180
7,De gea,28,Spain,Manchester United,Goal Keeper,200,100
8,Lloris,30,France,Tottenham Hotspurs,Goal Keeper,300,19

